channel_link,id,title,date,length,views,description_snippet
/@JournalistAshrafAliMaitlo,Xso1NDn52tc,"June 29, 2023",2023-07-14,0:43,0,
/@JournalistAshrafAliMaitlo,lHARgEHc9QA,FM92,2023-08-24,2:08,1,
/@nadeshdatta,tmPqoVwIKR0,‡∞¶‡∞§‡±ç‡∞§‡∞æ ‡∞¶‡∞§‡±ç‡∞§‡∞æ ‡∞Ö‡∞®‡±Å‡∞ï‡±ä‡∞Ç‡∞¶‡∞æ‡∞Ç  Divya NamaSankeertana -SGS,2022-09-14,11:25,4376,"‡∞¶‡∞§‡±ç‡∞§‡∞æ ‡∞¶‡∞§‡±ç‡∞§‡∞æ ‡∞Ö‡∞®‡±Å‡∞ï‡±ä‡∞Ç‡∞¶‡∞æ‡∞Ç ‡∞Ü‡∞®‡∞Ç‡∞¶‡∞Ç‡∞§‡±ã

‡∞™‡∞≤‡±ç‡∞≤‡∞µ‡∞ø : ‡∞¶‡∞§‡±ç‡∞§‡∞æ ‡∞¶‡∞§‡±ç‡∞§‡∞æ ‡∞Ö‡∞®‡±Å‡∞ï‡±ä‡∞Ç‡∞¶‡∞æ‡∞Ç ‡∞Ü‡∞®‡∞Ç‡∞¶‡∞Ç‡∞§‡±ã ‡∞Ø‡±Ü‡∞ó..."
/@JournalistAshrafAliMaitlo,3iHJU-6YPLA,14 august,2023-08-14,0:40,74,
/@JournalistAshrafAliMaitlo,e5zJMVZOfik,May the Lord do justice to the holy girl,2023-08-31,2:23,1,
/@JournalistAshrafAliMaitlo,rhfIdPLghBI,Babar Ka Azab,2023-08-24,1:37,2,
/@nadeshdatta,X0AigqR0KRw,‡∞Æ‡∞π‡∞æ ‡∞≠‡∞æ‡∞∞‡∞§‡∞Ç‡∞≤‡±ã ‡∞∂‡∞ø‡∞µ ‡∞™‡±ç‡∞∞‡∞æ‡∞∞‡±ç‡∞•‡∞®,2022-09-14,5:17,616,"‡∞Æ‡∞π‡∞æ ‡∞≠‡∞æ‡∞∞‡∞§‡∞Ç‡∞≤‡±ã ‡∞∂‡∞ø‡∞µ ‡∞™‡±ç‡∞∞‡∞æ‡∞∞‡±ç‡∞•‡∞®
‡∞ó‡∞æ‡∞®‡∞Ç :‡∞™‡∞∞‡∞Æ ‡∞™‡±Ç‡∞ú‡±ç‡∞Ø ‡∞∂‡±ç‡∞∞‡±Ä ‡∞∂‡±ç‡∞∞‡±Ä ‡∞∂‡±ç‡∞∞‡±Ä ‡∞ó‡∞£‡∞™‡∞§‡∞ø ‡∞∏‡∞ö‡±ç‡∞ö‡∞ø‡∞¶‡∞æ‡∞®‡∞Ç‡∞¶..."
/@davizinematheuzin11,626UKXY6kFc,jogando stumble guys pela primeira vez  nesse canal e eu consegui a coroa do stumble guys,2023-09-11,5:03,4,"joguei stumble guys pela primeira nesse canal √© eu consegui a coroa do stumble guysüç∑üóøüç∑üóø√© joguei bem demaise üëáüèºüëáüèºüëáüèº








des√ßa maisüëáüèºüëáüèºüëáüèº..."
/@davizinematheuzin11,TPGcZ6qQU2w,como fazer rabiola de pipa,2023-09-08,1:52,4,"aprenda a fazer rabiola de pipa (Pode ser de arraia ,caix√£o morcego e entre outros)de forma f√°cil com apenas sacola ,linha de pipa e a ,sua pipa ü™Åü™Åü™Åü™Åüóøüç∑












deixa..."
/@JournalistAshrafAliMaitlo,pOtmqAwnJtQ,10 people were injured in a fight between two factions of the Sahita community Sahita near Ahmedpur.,2023-07-14,1:46,0,
/@JournalistAshrafAliMaitlo,oWd1uj4KQa0,"The house of justice for the poor, poor, helpless woman",2023-08-14,4:17,9,
/@nadeshdatta,WXS9mj8i3Z4,shiva ravana stotram,2022-09-14,4:08,1009,
/@nadeshdatta,RpE1sNDAigQ,‡∞ö‡∞ø‡∞®‡±ç‡∞® ‡∞™‡∞ø‡∞≤‡±ç‡∞≤‡∞≤ ‡∞¶‡±ã‡∞∑‡∞æ‡∞≤‡±Å ‡∞™‡±ã‡∞µ‡∞°‡∞æ‡∞®‡∞ø‡∞ï‡∞ø ?,2022-09-14,0:34,194,
/@nadeshdatta,0KuLUQJYsUE,‡∞ì‡∞Ç ‡∞®‡∞Æ‡∞∏‡±ç‡∞§‡±á ‡∞ó‡∞£‡∞™‡∞§‡±á‡∞Ø‡±à.              Divya Nama Sankeertana.,2022-09-14,4:08,1415,"Divya Nama Sankeertana ‚Ä¢ SGS Ashrama, BHEL, Hyderabad ‚Ä¢ 14 April 2022"
/@nadeshdatta,bP1woRFAPBg,‡∞ó‡±ã‡∞µ‡∞ø‡∞Ç‡∞¶ ‡∞®‡∞æ‡∞Æ‡∞Æ‡±Å ‡∞Æ‡∞ß‡±Å‡∞∞‡∞Ç ‡∞Æ‡∞ß‡±Å‡∞∞‡∞Ç.  Divya Nama Sankeertana ‚Ä¢ SGS.,2022-09-14,6:57,5971,"Divya Nama Sankeertana ‚Ä¢ SGS Ashrama, BHEL, Hyderabad ‚Ä¢ 14 April 2022
‡∞ó‡±ã‡∞µ‡∞ø‡∞Ç‡∞¶ ‡∞®‡∞æ‡∞Æ‡∞Æ‡±Å ‡∞Æ‡∞ß‡±Å‡∞∞‡∞Ç ‡∞Æ‡∞ß‡±Å‡∞∞‡∞Ç ‡∞≠‡∞µ ‡∞ú‡∞≤‡∞ß‡∞ø ‡∞§‡∞æ‡∞∞‡∞ï‡∞Ç ‡∞∂‡±Å‡∞≠ ‡∞¶‡∞æ‡∞Ø..."
/@JournalistAshrafAliMaitlo,opCOKEK3kr8,"The shopkeeper of Ahmedpur was robbed from the hands of Vyaji, due to coercion, he had taken 3 lakh",2023-09-13,1:26,0,
/@nadeshdatta,c_iqFurP8dY,‡∞ï‡±É‡∞∑‡±ç‡∞£‡∞æ ‡∞π‡∞∞‡∞ø ‡∞Æ‡∞æ‡∞ß‡∞µ                      Divya Nama Sankeertana ‚Ä¢ SGS.,2022-09-14,11:47,449,
/@nadeshdatta,rq3zphI-FhY,( ‡∞µ‡∞æ‡∞∞‡∞æ‡∞π‡∞ø ‡∞Æ‡∞æ‡∞§),2022-09-14,0:34,160,
/@nadeshdatta,gyp7GvxWPxQ,‡∞¶‡∞§‡±ç‡∞§ ‡∞¶‡∞ø‡∞ó‡∞Ç‡∞¨‡∞∞ ‡∞ú‡∞Ø ‡∞ú‡∞Ø ‡∞¶‡∞§‡±ç‡∞§‡∞æ.  Divya Nama Sankeertana,2022-09-14,11:05,6833,"Divya Nama Sankeertana ‚Ä¢ SGS Ashrama, BHEL, Hyderabad ‚Ä¢ 14 April 2022

‡∞¶‡∞§‡±ç‡∞§ ‡∞¶‡∞ø‡∞ó‡∞Ç‡∞¨‡∞∞ ‡∞ú‡∞Ø ‡∞ú‡∞Ø ‡∞¶‡∞§‡±ç‡∞§‡∞æ ‡∞¶‡∞§‡±ç‡∞§ ‡∞®‡∞ø‡∞∞‡∞Ç‡∞ú‡∞® ‡∞ú‡∞Ø ‡∞ú‡∞Ø ‡∞¶‡∞§‡±ç‡∞§..."
/@JournalistAshrafAliMaitlo,fBvwvBgWMso,"Ahmedpur: The pain of the thieves could not be reduced, the thief stole the motorcycle parked",2023-08-24,0:52,1,
/@nadeshdatta,psKQo7Rd92I,‡∞ï‡∞æ‡∞∞‡±ç‡∞Ø ‡∞∏‡∞ø‡∞¶‡±ç‡∞¶‡∞ø ‡∞π‡∞®‡±Å‡∞Æ‡∞æ‡∞®‡±ç ‡∞Æ‡∞Ç‡∞§‡±ç‡∞∞‡∞Ç,2022-09-14,2:23,1203,
/@JournalistAshrafAliMaitlo,XJQGusjBlho,"June 29, 2023",2023-07-14,0:52,3,
/@nadeshdatta,uBL_RHttp64,‡∞π‡∞∞‡∞ø ‡∞π‡∞∞‡∞ø ‡∞π‡∞∞‡∞ø ‡∞π‡∞∞‡∞ø ‡∞π‡∞∞‡∞ø ‡∞Ø‡∞®‡∞∞‡∞æ Divya Nama Sankeertana ‚Ä¢ SGS,2022-09-14,6:55,4313,"‡∞π‡∞∞‡∞ø‡∞π‡∞∞‡∞ø ‡∞π‡∞∞‡∞ø‡∞π‡∞∞‡∞ø ‡∞π‡∞∞‡∞ø ‡∞Ø‡∞®‡∞∞‡∞æ ‡∞π‡∞∞‡∞ø

‡∞™‡∞≤‡±ç‡∞≤‡∞µ‡∞ø: ‡∞π‡∞∞‡∞ø‡∞π‡∞∞‡∞ø ‡∞π‡∞∞‡∞ø‡∞π‡∞∞‡∞ø ‡∞π‡∞∞‡∞ø ‡∞Ø‡∞®‡∞∞‡∞æ ‡∞π‡∞∞‡∞ø ‡∞™‡∞æ‡∞¶‡∞æ‡∞≤‡±á ‡∞∂‡∞∞‡∞£‡∞Æ‡±ç..."
/@JournalistAshrafAliMaitlo,Le95Ybz_JIU,Radio FM92,2023-08-31,2:07,2,
/@nadeshdatta,I4pXwbhF_9g,‡∞µ‡∞∞‡∞æ‡∞π ‡∞™‡±Å‡∞∞‡∞æ‡∞£‡∞Ç‡∞≤‡±ã ‡∞∂‡∞ø‡∞µ‡±Å‡∞°‡±Å ‡∞ö‡±á‡∞∏‡∞ø‡∞® ‡∞Ö‡∞Æ‡±ç‡∞Æ ‡∞µ‡∞æ‡∞∞‡∞ø ‡∞™‡±ç‡∞∞‡∞æ‡∞∞‡±ç‡∞•‡∞®,2022-09-14,5:18,510,
/@JournalistAshrafAliMaitlo,k6LQTDDbIVA,NADRA has taken a big step for the convenience of citizens,2023-08-31,1:44,6,
/@nadeshdatta,Y5RZDsOk5O4,‡∞ï‡±É‡∞∑‡±ç‡∞£ ‡∞≤‡±Ä‡∞≤ ‡∞ï‡±Ä‡∞∞‡±ç‡∞§‡∞®‡∞Æ‡±ç.                       Divya Nama Sankeertana -  SGS  (6 ‡∞Æ‡±á 2021,2022-09-14,7:12,660,
/@nadeshdatta,6lnxsytFZ20,‡∞ó‡∞æ‡∞Ø‡±á‡∞Å ‡∞π‡∞Ç‡∞∏‡∞¨‡±ç ‡∞Æ‡∞ø‡∞≤‡±ç‡∞ï‡±á ‡∞§‡±á‡∞∞‡∞ø.       DivyaNama Sankeertana ‚Ä¢ SGS,2022-09-14,10:37,1557,"‡∞ó‡∞æ‡∞Ø‡±á‡∞Å ‡∞π‡∞Ç‡∞∏‡∞¨‡±ç ‡∞Æ‡∞ø‡∞≤‡±ç‡∞ï‡±á ‡∞§‡±á‡∞∞‡∞ø ‡∞Æ‡∞π‡∞ø‡∞Æ‡∞æ‡∞ï‡∞ø ‡∞ó‡∞æ‡∞•‡∞æ

‡∞™‡∞≤‡±ç‡∞≤‡∞µ‡∞ø: ‡∞ó‡∞æ‡∞Ø‡±á‡∞Å ‡∞π‡∞Ç‡∞∏‡∞¨‡±ç ‡∞Æ‡∞ø‡∞≤‡±ç‡∞ï‡±á ‡∞§‡±á‡∞∞‡∞ø ‡∞Æ‡∞π‡∞ø‡∞Æ..."
/@nadeshdatta,rc7NpwfFWMg,‡∞™‡±ç‡∞∞‡∞Ø‡∞æ‡∞£‡∞ø‡∞∏‡±ç‡∞§‡±Å‡∞®‡±ç‡∞®‡∞™‡±ç‡∞™‡±Å‡∞°‡±Å ‡∞™‡∞†‡∞ø‡∞Ç‡∞ö‡∞µ‡∞≤‡∞∏‡∞ø‡∞® ‡∞Æ‡∞Ç‡∞§‡±ç‡∞∞‡∞Ç,2022-09-14,0:37,569,
/@nadeshdatta,uJRB0eeMlpk,"Shubhakrut Yugadi ,Happy  Tune  ,SGS Ashram,  Hyderabad",2022-09-14,16:38,662,
/@JournalistAshrafAliMaitlo,RPfEE30320I,"Ahmedpur, many villages and crops are under water due to continuous flow of Indus river",2023-08-14,2:33,8,
/@nadeshdatta,AMrvAu84ln4,‡∞™‡∞ø‡∞§‡±É‡∞¶‡±á‡∞µ‡∞§‡∞≤‡∞ï‡±Å ‡∞∂‡±ç‡∞∞‡∞¶‡±ç‡∞ß ‡∞∏‡∞Æ‡∞Ø‡∞Ç‡∞≤‡±ã ..,2022-09-14,5:05,1416,
/@nadeshdatta,Qh9Wxo5bmPo,"‡∞∂‡±ç‡∞∞‡±Ä ‡∞∞‡∞æ‡∞Æ ,‡∞ï‡±É‡∞∑‡±ç‡∞£ ‡∞Æ‡∞Ç‡∞§‡±ç‡∞∞‡∞Ç",2022-09-14,1:10,862,
/@davizinematheuzin11,nHclxz4ScI8,jogando Shark evolution (de novo) e comi todo mundo,2023-08-31,5:02,43,"jogando Shark evolution (de novo) e comi todo mundo(l√° ele)  jogando com o tubar√£o martelo üê≥üêãüê¨üêüüê†üê°ü¶àü¶àü¶àüêôüêö









deixa o like a√≠√≠√≠√≠ please"
/@nadeshdatta,2BrGtYMrY6Q,Jaya Jayahe Mahishasura Mardini Ramya Kapardini Shaila Sute‚Ä¶‚Ä¶.,2022-09-14,17:02,1990,"Jaya Jayahe Mahishasura Mardini Ramya Kapardini Shaila Sute‚Ä¶‚Ä¶.

It was really an enlightening and highly informative discourse with a scintillating and spirit raising bhajan session this..."
/@JournalistAshrafAliMaitlo,VpwD-YaU3Yw,"Allah in the day, Allah in the night",2023-08-24,6:48,4,
/@nadeshdatta,SpbP9e5_IHQ,‡∞∂‡±ç‡∞∞‡±Ä  ‡∞¶‡±Å‡∞∞‡±ç‡∞ó‡∞æ ‡∞¶‡±ç‡∞µ‡∞æ‡∞§‡±ç‡∞∞‡∞ø‡∞Ç‡∞∂‡∞®‡±ç‡∞®‡∞æ‡∞Æ  ‡∞Æ‡∞æ‡∞≤‡∞æ *_Sri Durga Dwatrimsha Namamala Stotram_,2022-09-14,7:21,1616,"*‡∞∂‡±ç‡∞∞‡±Ä  ‡∞¶‡±Å‡∞∞‡±ç‡∞ó‡∞æ ‡∞¶‡±ç‡∞µ‡∞æ‡∞§‡±ç‡∞∞‡∞ø‡∞Ç‡∞∂‡∞®‡±ç‡∞®‡∞æ‡∞Æ  ‡∞Æ‡∞æ‡∞≤‡∞æ*
 *_Sri Durga Dwatrimsha Namamala Stotram_*
_‡∞¶‡±Å‡∞∞‡±ç‡∞ó‡∞æ ‡∞¶‡±Å‡∞∞‡±ç‡∞ó‡∞æ‡∞∞‡±ç‡∞§‡∞ø..."
/@JournalistAshrafAliMaitlo,E-6Kx4C7rzk,Poet Faqir Ali Khan Mitlo will not forget to listen to the glory of the dowry  Benazir Income Sapot.,2023-07-14,2:27,0,
/@nadeshdatta,walFDWF46g8,Guru Purnima ‚Ä¢ KSHT_ Frisco_ TX ‚Ä¢ 13 Jul 2022,2022-09-14,58:51,2131,
/@nadeshdatta,iVAaK2Icpww,‡∞∞‡∞æ‡∞µ‡±ã‡∞Ø‡∞ø ‡∞∞‡∞æ‡∞µ‡±ã‡∞Ø‡∞ø ‡∞∞‡∞æ‡∞µ‡±ã‡∞Ø‡∞ø ‡∞â‡∞ó‡∞æ‡∞¶‡∞ø,2022-09-14,7:45,773,"‡∞∞‡∞æ‡∞µ‡±ã‡∞Ø‡∞ø ‡∞∞‡∞æ‡∞µ‡±ã‡∞Ø‡∞ø ‡∞∞‡∞æ‡∞µ‡±ã‡∞Ø‡∞ø ‡∞â‡∞ó‡∞æ‡∞¶‡∞ø

‡∞™‡∞≤‡±ç‡∞≤‡∞µ‡∞ø: ‡∞∞‡∞æ‡∞µ‡±ã‡∞Ø‡∞ø ‡∞∞‡∞æ‡∞µ‡±ã‡∞Ø‡∞ø ‡∞∞‡∞æ‡∞µ‡±ã‡∞Ø‡∞ø ‡∞â‡∞ó‡∞æ‡∞¶‡∞ø ‡∞∂‡±Å‡∞≠‡∞ï‡±É‡∞§‡∞ø‡∞ï‡±Ä..."
